-- MySQL Script generated by MySQL Workbench
-- 08/10/15 17:50:28
-- Model: New Model    Version: 1.0
-- MySQL Workbench Forward Engineering

SET @OLD_UNIQUE_CHECKS=@@UNIQUE_CHECKS, UNIQUE_CHECKS=0;
SET @OLD_FOREIGN_KEY_CHECKS=@@FOREIGN_KEY_CHECKS, FOREIGN_KEY_CHECKS=0;
SET @OLD_SQL_MODE=@@SQL_MODE, SQL_MODE='TRADITIONAL,ALLOW_INVALID_DATES';

-- -----------------------------------------------------
-- Schema mydb
-- -----------------------------------------------------
-- -----------------------------------------------------
-- Schema store
-- -----------------------------------------------------
DROP SCHEMA IF EXISTS `store` ;

-- -----------------------------------------------------
-- Schema store
-- -----------------------------------------------------
CREATE SCHEMA IF NOT EXISTS `store` DEFAULT CHARACTER SET utf8 ;
USE `store` ;

-- -----------------------------------------------------
-- Table `store`.`bonus`
-- -----------------------------------------------------
CREATE TABLE IF NOT EXISTS `store`.`bonus` (
  `bonus_id` INT(11) NOT NULL AUTO_INCREMENT,
  `sum_bound` DOUBLE NULL DEFAULT NULL,
  `percentage` DOUBLE NULL DEFAULT NULL,
  PRIMARY KEY (`bonus_id`))
ENGINE = InnoDB
AUTO_INCREMENT = 2
DEFAULT CHARACTER SET = utf8;


-- -----------------------------------------------------
-- Table `store`.`client`
-- -----------------------------------------------------
CREATE TABLE IF NOT EXISTS `store`.`client` (
  `id` INT(11) NOT NULL,
  `bonus_id` VARCHAR(45) NULL DEFAULT NULL,
  `avatar` MEDIUMBLOB NULL DEFAULT NULL,
  PRIMARY KEY (`id`),
  UNIQUE INDEX `id_UNIQUE` (`id` ASC))
ENGINE = InnoDB
DEFAULT CHARACTER SET = utf8;


-- -----------------------------------------------------
-- Table `store`.`company`
-- -----------------------------------------------------
DROP TABLE IF EXISTS `store`.`company` ;

CREATE TABLE IF NOT EXISTS `store`.`company` (
  `id` INT(11) NOT NULL,
  `address` VARCHAR(50) NULL DEFAULT NULL,
  `zip` VARCHAR(45) NULL DEFAULT NULL,
  `director` VARCHAR(45) NULL DEFAULT NULL,
  `description` VARCHAR(5000) NULL DEFAULT NULL,
  `company_name` VARCHAR(100) NULL DEFAULT NULL,
  PRIMARY KEY (`id`),
  UNIQUE INDEX `id_company_UNIQUE` (`id` ASC))
ENGINE = InnoDB
DEFAULT CHARACTER SET = utf8;


-- -----------------------------------------------------
-- Table `store`.`feedback`
-- -----------------------------------------------------
CREATE TABLE IF NOT EXISTS `store`.`feedback` (
  `feedback_id` INT(11) NOT NULL AUTO_INCREMENT,
  `product_catalog_unit_id` INT(11) NULL DEFAULT NULL,
  `client_id` INT(11) NULL DEFAULT NULL,
  `text` VARCHAR(512) NULL DEFAULT NULL,
  `feedback_date` DATETIME NULL DEFAULT NULL,
  `rating` INT(11) NULL DEFAULT NULL,
  PRIMARY KEY (`feedback_id`))
ENGINE = InnoDB
AUTO_INCREMENT = 4
DEFAULT CHARACTER SET = utf8;


-- -----------------------------------------------------
-- Table `store`.`module`
-- -----------------------------------------------------
CREATE TABLE IF NOT EXISTS `store`.`module` (
  `module_id` INT(11) NOT NULL AUTO_INCREMENT,
  `storage_module_unit_id` INT(11) NULL DEFAULT NULL,
  `provider_id` INT(11) NULL DEFAULT NULL,
  `module_type` VARCHAR(50) NULL DEFAULT NULL,
  `image` MEDIUMBLOB NULL DEFAULT NULL,
  `cost` DOUBLE NOT NULL default 0,
  PRIMARY KEY (`module_id`))
ENGINE = InnoDB
AUTO_INCREMENT = 6
DEFAULT CHARACTER SET = utf8;


-- -----------------------------------------------------
-- Table `store`.`order_unit`
-- -----------------------------------------------------
CREATE TABLE IF NOT EXISTS `store`.`order_unit` (
  `order_unit_id` INT(11) NOT NULL AUTO_INCREMENT,
  `state_id` INT(11) NULL DEFAULT NULL,
  `order_id` INT(11) NULL DEFAULT NULL,
  `product_catalog_unit_id` INT(11) NULL DEFAULT NULL,
  `order_unit_cost` DOUBLE NULL DEFAULT NULL,
  PRIMARY KEY (`order_unit_id`))
ENGINE = InnoDB
AUTO_INCREMENT = 3
DEFAULT CHARACTER SET = utf8;


-- -----------------------------------------------------
-- Table `store`.`orders`
-- -----------------------------------------------------
CREATE TABLE IF NOT EXISTS `store`.`orders` (
  `order_id` INT(11) NOT NULL AUTO_INCREMENT,
  `client_id` INT(11) NULL DEFAULT NULL,
  `payment_scheme_id` INT(11) NULL DEFAULT NULL,
  `order_date` DATETIME NULL DEFAULT NULL,
  `execution_date` DATETIME NULL DEFAULT NULL,
  PRIMARY KEY (`order_id`))
ENGINE = InnoDB
AUTO_INCREMENT = 2
DEFAULT CHARACTER SET = utf8;


-- -----------------------------------------------------
-- Table `store`.`payment`
-- -----------------------------------------------------
CREATE TABLE IF NOT EXISTS `store`.`payment` (
  `payment_id` INT(11) NOT NULL AUTO_INCREMENT,
  `order_id` INT(11) NULL DEFAULT NULL,
  `payment_date` DATETIME NULL DEFAULT NULL,
  `payment_sum` DOUBLE NULL DEFAULT NULL,
  `payment_status` TINYINT(1) NULL DEFAULT NULL,
  PRIMARY KEY (`payment_id`))
ENGINE = InnoDB
AUTO_INCREMENT = 3
DEFAULT CHARACTER SET = utf8;


-- -----------------------------------------------------
-- Table `store`.`payment_form`
-- -----------------------------------------------------
CREATE TABLE IF NOT EXISTS `store`.`payment_form` (
  `payment_type_id` INT(11) NOT NULL AUTO_INCREMENT,
  `payment_type` VARCHAR(50) NULL DEFAULT NULL,
  PRIMARY KEY (`payment_type_id`))
ENGINE = InnoDB
AUTO_INCREMENT = 2
DEFAULT CHARACTER SET = utf8;


-- -----------------------------------------------------
-- Table `store`.`payment_scheme`
-- -----------------------------------------------------
CREATE TABLE IF NOT EXISTS `store`.`payment_scheme` (
  `payment_scheme_id` INT(11) NOT NULL AUTO_INCREMENT,
  `payment_type_id` INT(11) NULL DEFAULT NULL,
  `term` INT(11) NULL DEFAULT NULL,
  `penalty` DOUBLE NULL DEFAULT NULL,
  `number_of_payments` INT(11) NULL DEFAULT NULL,
  `interest_rate` DOUBLE NULL DEFAULT NULL,
  PRIMARY KEY (`payment_scheme_id`))
ENGINE = InnoDB
AUTO_INCREMENT = 2
DEFAULT CHARACTER SET = utf8;


CREATE TABLE IF NOT EXISTS `store`.`product_catalog_unit` (
  `product_catalog_unit_id` INT(11) NOT NULL AUTO_INCREMENT,
  `sale_id` INT(11) NULL DEFAULT NULL,
  `product_name` VARCHAR(50) NULL DEFAULT NULL,
  `product_cost` DOUBLE NULL DEFAULT NULL,
  `margin_coefficient` DOUBLE NULL DEFAULT NULL,
  `image` MEDIUMBLOB NULL DEFAULT NULL,
  `product_description` VARCHAR(1000) NULL DEFAULT NULL,
  PRIMARY KEY (`product_catalog_unit_id`))
ENGINE = InnoDB
AUTO_INCREMENT = 4
DEFAULT CHARACTER SET = utf8;


-- -----------------------------------------------------
-- Table `store`.`product_template`
-- -----------------------------------------------------
CREATE TABLE IF NOT EXISTS `store`.`product_template` (
  `product_template_id` INT(11) NOT NULL AUTO_INCREMENT,
  `product_catalog_unit_id` INT(11) NULL DEFAULT NULL,
  `module_id` INT(11) NULL DEFAULT NULL,
  `modules_number` INT(11) NULL DEFAULT NULL,
  PRIMARY KEY (`product_template_id`))
ENGINE = InnoDB
AUTO_INCREMENT = 14
DEFAULT CHARACTER SET = utf8;


-- -----------------------------------------------------
-- Table `store`.`provider`
-- -----------------------------------------------------
CREATE TABLE IF NOT EXISTS `store`.`provider` (
  `provider_id` INT(11) NOT NULL,
  `provider_name` VARCHAR(50) NULL DEFAULT NULL,
  `phone` VARCHAR(50) NULL DEFAULT NULL,
  `provider_email` VARCHAR(50) NULL DEFAULT NULL,
  `zip_code` VARCHAR(50) NULL DEFAULT NULL,
  `provider_login` VARCHAR(50) NULL DEFAULT NULL,
  PRIMARY KEY (`provider_id`))
ENGINE = InnoDB
DEFAULT CHARACTER SET = utf8;


-- -----------------------------------------------------
-- Table `store`.`request`
-- -----------------------------------------------------
CREATE TABLE IF NOT EXISTS `store`.`request` (
  `request_id` INT(11) NOT NULL AUTO_INCREMENT,
  `provider_id` INT(11) NULL DEFAULT NULL,
  `request_date` DATETIME NULL DEFAULT NULL,
  PRIMARY KEY (`request_id`))
ENGINE = InnoDB
AUTO_INCREMENT = 2
DEFAULT CHARACTER SET = utf8;


-- -----------------------------------------------------
-- Table `store`.`request_unit`
-- -----------------------------------------------------
CREATE TABLE IF NOT EXISTS `store`.`request_unit` (
  `request_unit_id` INT(11) NOT NULL AUTO_INCREMENT,
  `request_id` INT(11) NULL DEFAULT NULL,
  `module_id` INT(11) NULL DEFAULT NULL,
  `request_module_count` INT(11) NULL DEFAULT NULL,
  PRIMARY KEY (`request_unit_id`))
ENGINE = InnoDB
AUTO_INCREMENT = 4
DEFAULT CHARACTER SET = utf8;


-- -----------------------------------------------------
-- Table `store`.`role`
-- -----------------------------------------------------
CREATE TABLE IF NOT EXISTS `store`.`role` (
  `role_id` INT(11) NOT NULL AUTO_INCREMENT,
  `role_type` VARCHAR(50) NULL DEFAULT NULL,
  PRIMARY KEY (`role_id`))
ENGINE = InnoDB
AUTO_INCREMENT = 5
DEFAULT CHARACTER SET = utf8;


-- -----------------------------------------------------
-- Table `store`.`sale`
-- -----------------------------------------------------
CREATE TABLE IF NOT EXISTS `store`.`sale` (
  `sale_id` INT(11) NOT NULL AUTO_INCREMENT,
  `start_time` DATETIME NULL DEFAULT NULL,
  `end_time` DATETIME NULL DEFAULT NULL,
  `percentage_sale` DOUBLE NULL DEFAULT NULL,
  PRIMARY KEY (`sale_id`))
ENGINE = InnoDB
AUTO_INCREMENT = 3
DEFAULT CHARACTER SET = utf8;


-- -----------------------------------------------------
-- Table `store`.`shipment`
-- -----------------------------------------------------
CREATE TABLE IF NOT EXISTS `store`.`shipment` (
  `shipment_id` INT(11) NOT NULL AUTO_INCREMENT,
  `provider_id` INT(11) NULL DEFAULT NULL,
  `way_bill_id` INT(11) NULL DEFAULT NULL,
  `provider_margin_percent` DOUBLE NULL DEFAULT NULL,
  `is_processed` TINYINT(1) NULL DEFAULT NULL,
  PRIMARY KEY (`shipment_id`))
ENGINE = InnoDB
AUTO_INCREMENT = 2
DEFAULT CHARACTER SET = utf8;


-- -----------------------------------------------------
-- Table `store`.`shipment_unit`
-- -----------------------------------------------------
CREATE TABLE IF NOT EXISTS `store`.`shipment_unit` (
  `shipment_unit_id` INT(11) NOT NULL AUTO_INCREMENT,
  `shipment_id` INT(11) NULL DEFAULT NULL,
  `module_id` INT(11) NULL DEFAULT NULL,
  `count` INT(11) NULL DEFAULT NULL,
  `cost` DOUBLE NULL DEFAULT NULL,
  PRIMARY KEY (`shipment_unit_id`))
ENGINE = InnoDB
AUTO_INCREMENT = 4
DEFAULT CHARACTER SET = utf8;


-- -----------------------------------------------------
-- Table `store`.`state`
-- -----------------------------------------------------
CREATE TABLE IF NOT EXISTS `store`.`state` (
  `state_id` INT(11) NOT NULL AUTO_INCREMENT,
  `state_name` VARCHAR(50) NULL DEFAULT NULL,
  PRIMARY KEY (`state_id`))
ENGINE = InnoDB
AUTO_INCREMENT = 4
DEFAULT CHARACTER SET = utf8;


-- -----------------------------------------------------
-- Table `store`.`storage_module_unit`
-- -----------------------------------------------------
CREATE TABLE IF NOT EXISTS `store`.`storage_module_unit` (
  `storage_module_unit_id` INT(11) NOT NULL AUTO_INCREMENT,
  `module_id` INT(11) NULL DEFAULT NULL,
  `module_count` INT(11) NULL DEFAULT NULL,
  `date_of_delivery` DATETIME NULL DEFAULT NULL,
  `full_margin` DOUBLE NOT NULL,
  PRIMARY KEY (`storage_module_unit_id`))
ENGINE = InnoDB
AUTO_INCREMENT = 6
DEFAULT CHARACTER SET = utf8;


-- -----------------------------------------------------
-- Table `store`.`user`
-- -----------------------------------------------------
CREATE TABLE IF NOT EXISTS `store`.`user` (
  `user_id` INT(11) NOT NULL AUTO_INCREMENT,
  `role_id` INT(11) NULL DEFAULT NULL,
  `name` VARCHAR(50) NULL DEFAULT NULL,
  `surname` VARCHAR(50) NULL DEFAULT NULL,
  `login` VARCHAR(50) NULL DEFAULT NULL,
  `password` VARCHAR(50) NULL DEFAULT NULL,
  `email` VARCHAR(50) NULL DEFAULT NULL,
  PRIMARY KEY (`user_id`))
ENGINE = InnoDB
AUTO_INCREMENT = 5
DEFAULT CHARACTER SET = utf8;


-- -----------------------------------------------------
-- Table `store`.`waybill`
-- -----------------------------------------------------
CREATE TABLE IF NOT EXISTS `store`.`waybill` (
  `way_bill_id` INT(11) NOT NULL AUTO_INCREMENT,
  `shipment_id` INT(11) NULL DEFAULT NULL,
  `departure_date` DATETIME NULL DEFAULT NULL,
  `delivery_date` DATETIME NULL DEFAULT NULL,
  `delivery_cost` DOUBLE NULL DEFAULT NULL,
   `confirmation_date`    DATETIME NULL DEFAULT NULL,
  PRIMARY KEY (`way_bill_id`))
ENGINE = InnoDB
AUTO_INCREMENT = 2
DEFAULT CHARACTER SET = utf8;


SET SQL_MODE=@OLD_SQL_MODE;
SET FOREIGN_KEY_CHECKS=@OLD_FOREIGN_KEY_CHECKS;
SET UNIQUE_CHECKS=@OLD_UNIQUE_CHECKS;

INSERT INTO `store`.`user` (`user_id`, `role_id`, `name`, `surname`, `login`, `password`, `email`) VALUES ('1', '1', 'Ivan', 'Adamin', 'Admin', 'root', 'adamin@gmail.com');
INSERT INTO `store`.`user` (`user_id`, `role_id`, `name`, `surname`, `login`, `password`, `email`) VALUES ('2', '2', 'Max', 'Sorokin', 'Max', 'provider', 'sorokin@gmail.com');
INSERT INTO `store`.`user` (`user_id`, `role_id`, `name`, `surname`, `login`, `password`, `email`) VALUES ('3', '3', 'Kate', 'Dobrilko', 'Kate', 'company', 'dobrilko@gmail.com');
INSERT INTO `store`.`user` (`user_id`, `role_id`,  `name`, `surname`, `login`, `password`, `email`) VALUES ('4', '4', 'Vasili', 'Yavorchuk', 'Vasili', 'user', 'yavorchuk@gmail.com');

INSERT INTO `store`.`role` (`role_id`, `role_type`) VALUES ('1', 'ADMIN');
INSERT INTO `store`.`role` (`role_id`, `role_type`) VALUES ('2', 'PROVIDER');
INSERT INTO `store`.`role` (`role_id`, `role_type`) VALUES ('3', 'COMPANY');
INSERT INTO `store`.`role` (`role_id`, `role_type`) VALUES ('4', 'USER');

INSERT INTO `store`.`bonus` (`bonus_id`, `sum_bound`, `percentage`) VALUES ('1', '2250', '12.5');

INSERT INTO `store`.`state` (`state_id`, `state_name`) VALUES ('1', 'READY');
INSERT INTO `store`.`state` (`state_id`, `state_name`) VALUES ('2', 'INPROGRESS');
INSERT INTO `store`.`state` (`state_id`, `state_name`) VALUES ('3', 'NOTREADY');

INSERT INTO `store`.`payment_form` (`payment_type_id`, `payment_type`) VALUES ('1', 'CREDIT');

INSERT INTO `store`.`module` (`module_id`, `storage_module_unit_id`, `provider_id`, `module_type`) VALUES ('1', '1', '1', 'TABLE_LEG');
INSERT INTO `store`.`module` (`module_id`, `storage_module_unit_id`, `provider_id`, `module_type`) VALUES ('2', '2', '1', 'TABLETOP');
INSERT INTO `store`.`module` (`module_id`, `storage_module_unit_id`, `provider_id`, `module_type`) VALUES ('3', '3', '1', 'CHAIR_BACK');
INSERT INTO `store`.`module` (`module_id`, `storage_module_unit_id`, `provider_id`, `module_type`) VALUES ('4', '4', '1', 'CHAIR_LEG');
INSERT INTO `store`.`module` (`module_id`, `storage_module_unit_id`, `provider_id`, `module_type`) VALUES ('5', '5', '1', 'CHAIR_SEAT');

INSERT INTO `store`.`storage_module_unit` (`storage_module_unit_id`, `module_id`, `module_count`, `full_margin`,`date_of_delivery`) VALUES ('1', '1', '500','100', '2015-07-28 12:00:00');
INSERT INTO `store`.`storage_module_unit` (`storage_module_unit_id`, `module_id`, `module_count`, `full_margin`, `date_of_delivery`) VALUES ('2', '2', '200', '400', '2015-07-28 12:00:00');
INSERT INTO `store`.`storage_module_unit` (`storage_module_unit_id`, `module_id`, `module_count`, `full_margin`, `date_of_delivery`) VALUES ('3', '3', '300', '300', '2015-07-28 12:00:00');
INSERT INTO `store`.`storage_module_unit` (`storage_module_unit_id`, `module_id`, `module_count`, `full_margin`, `date_of_delivery`) VALUES ('4', '4', '400', '200', '2015-07-28 12:00:00');
INSERT INTO `store`.`storage_module_unit` (`storage_module_unit_id`, `module_id`, `module_count`, `full_margin`, `date_of_delivery`) VALUES ('5', '5', '500', '100', '2015-07-28 12:00:00');

INSERT INTO `store`.`provider` (`provider_id`, `provider_name`, `phone`, `provider_email`, `zip_code`, `provider_login`) VALUES ('1', 'Pinskdrev', '+375 (29) 605-57-57', 'question@pinskdrev.by', '224831', 'Max');

INSERT INTO `store`.`product_catalog_unit` (`product_catalog_unit_id`, `sale_id`, `product_name`, `product_cost`, `margin_coefficient`) VALUES ('1', '1', 'Table', '10000', '22.5');

INSERT INTO `store`.`product_template` (`product_template_id`, `product_catalog_unit_id`, `module_id`, `modules_number`) VALUES ('1', '1', '1', '4');
INSERT INTO `store`.`product_template` (`product_template_id`, `product_catalog_unit_id`, `module_id`, `modules_number`) VALUES ('2', '1', '2', '1');

INSERT INTO `store`.`request` (`request_id`, `provider_id`, `request_date`) VALUES ('1', '1', '2015-07-28 12:00:00');

INSERT INTO `store`.`request_unit` (`request_unit_id`, `request_id`, `module_id`, `request_module_count`) VALUES ('1', '1', '1', '1000');
INSERT INTO `store`.`request_unit` (`request_unit_id`, `request_id`, `module_id`, `request_module_count`) VALUES ('2', '1', '2', '1000');
INSERT INTO `store`.`request_unit` (`request_unit_id`, `request_id`, `module_id`, `request_module_count`) VALUES ('3', '1', '3', '1000');

INSERT INTO `store`.`shipment` (`shipment_id`, `provider_id`, `way_bill_id`,`is_processed`,`provider_margin_percent`) VALUES ('1', '1', '1', '0','15');

INSERT INTO `store`.`shipment_unit` (`shipment_unit_id`, `shipment_id`, `module_id`, `count`, `cost`) VALUES ('1', '1', '3', '1000', '1000');
INSERT INTO `store`.`shipment_unit` (`shipment_unit_id`, `shipment_id`, `module_id`, `count`, `cost`) VALUES ('2', '1', '4', '1000', '2000');
INSERT INTO `store`.`shipment_unit` (`shipment_unit_id`, `shipment_id`, `module_id`, `count`, `cost`) VALUES ('3', '1', '5', '1000', '3000');

INSERT INTO `store`.`waybill` (`way_bill_id`, `shipment_id`, `departure_date`, `delivery_date`, `delivery_cost`,`confirmation_date`) VALUES ('1', '1', '2015-07-12', '2015-07-24', '1230',NULL);

INSERT INTO `store`.`sale` (`sale_id`, `start_time`, `end_time`, `percentage_sale`) VALUES ('1', '2015-07-12', '2015-08-12', '11.5');
INSERT INTO `store`.`sale` (`sale_id`, `start_time`, `end_time`, `percentage_sale`) VALUES ('2', '2015-07-12', '2015-09-12', '1.5');

INSERT INTO `store`.`feedback` (`feedback_id`, `product_catalog_unit_id`, `text`, `feedback_date`, `rating`) VALUES ('1', '1',  'Good product', '2015-08-01 12:00:00', '4');

INSERT INTO `store`.`orders` (`order_id`,  `payment_scheme_id`, `order_date`, `execution_date`) VALUES ('1', '4',  '2015-07-29 12:00:00', '2015-07-31 12:00:00');

INSERT INTO `store`.`order_unit` (`order_unit_id`, `state_id`, `order_id`, `product_catalog_unit_id`, `order_unit_cost`) VALUES ('1', '1', '1', '1', '2000');
INSERT INTO `store`.`order_unit` (`order_unit_id`, `state_id`, `order_id`, `product_catalog_unit_id`, `order_unit_cost`) VALUES ('2', '1', '1', '1', '2000');

INSERT INTO `store`.`payment_scheme` (`payment_scheme_id`, `payment_type_id`, `term`, `penalty`, `number_of_payments`, `interest_rate`) VALUES ('1', '1', '15', '1.5', '10', '12.5');

INSERT INTO `store`.`payment` (`payment_id`, `order_id`, `payment_date`, `payment_sum`, `payment_status`) VALUES ('1', '1', '2015-07-29 12:00:00', '200', '1');
INSERT INTO `store`.`payment` (`payment_id`, `order_id`, `payment_date`, `payment_sum`, `payment_status`) VALUES ('2', '1', '2015-07-30 12:00:00', '300', '1');

